Province;Comuni;Posti Letto;Popolazione residente;Superficie comunale (km2);Rapporto Comunale Ricettività;Rapporto Regionale Ricettività;Rapporto Area Rurale;Marginalità SI/NO;Area Rurale SI/NO;Isola Minore;Punteggio Lettera E;;;;;;;;;;;;;;;;
TRAPANI;Alcamo; 	494 ;44659; 	130,90 ;3,774; 	8,48   ;341,181602672675;SI;NO;;3;;;;;;;;;;;;;;;;
TRAPANI;Buseto Palizzolo; 	249 ;2.745; 	72,81 ;3,420; 	8,48   ;37,7007099270296;SI;SI;;6;;;;;;;;;;;;;;;;
TRAPANI;Calatafimi-Segesta; 	183 ;6.066; 	154,86 ;1,182; 	8,48   ;39,16990284366;SI;SI;;6;;;;;;;;;;;;;;;;
TRAPANI;Campobello di Mazara; 	820 ;11.340; 	65,83 ;12,456; 	8,48   ;172,253775076671;NO;NO;;0;;;;;;;;;;;;;;;;
TRAPANI;Castellammare del Golfo; 	2.583 ;14.691; 	127,32 ;20,287; 	8,48   ;115,38452476043;NO;SI;;3;;;;;;;;;;;;;;;;
TRAPANI;Castelvetrano; 	3.985 ;29.281; 	209,76 ;18,998; 	8,48   ;139,592868039664;NO;SI;;3;;;;;;;;;;;;;;;;
TRAPANI;Custonaci; 	663 ;5.258; 	69,90 ;9,485; 	8,48   ;75,2199159677089;NO;SI;;3;;;;;;;;;;;;;;;;
TRAPANI;Erice; 	1.062 ;26.010; 	47,34 ;22,432; 	8,48   ;549,397162820957;NO;NO;;0;;;;;;;;;;;;;;;;
TRAPANI;Favignana; 	3.737 ;4.512; 	38,32 ;97,533; 	8,48   ;117,759438763526;NO;SI;SI;6;;;;;;;;;;;;;;;;
TRAPANI;Gibellina; 	31 ;3.676; 	46,57 ;0,666; 	8,48   ;78,9273100086957;SI;SI;;6;;;;;;;;;;;;;;;;
TRAPANI;Marsala; 	2.395 ;79.835; 	243,26 ;9,845; 	8,48   ;328,185653557465;NO;NO;;0;;;;;;;;;;;;;;;;
TRAPANI;Mazara del Vallo; 	1.437 ;50.029; 	274,64 ;5,232; 	8,48   ;182,164159295419;SI;NO;;3;;;;;;;;;;;;;;;;
TRAPANI;Misiliscemi; 	316 ;8.491;93;3,398; 	8,48   ;91;SI;SI;;6;;;;;;;;;;;;;;;;
TRAPANI;Paceco; 	312 ;10.635; 	58,01 ;5,379; 	8,48   ;183,336149027206;SI;NO;;3;;;;;;;;;;;;;;;;
TRAPANI;Pantelleria; 	1.687 ;7.268; 	84,53 ;19,957; 	8,48   ;85,9788672745598;NO;SI;SI;6;;;;;;;;;;;;;;;;
TRAPANI;Partanna; 	43 ;9.788; 	82,73 ;0,520; 	8,48   ;118,316158472092;SI;SI;;6;;;;;;;;;;;;;;;;
TRAPANI;Poggioreale; 	24 ;1.292; 	37,46 ;0,641; 	8,48   ;34,4923326641322;SI;SI;;6;;;;;;;;;;;;;;;;
TRAPANI;Salaparuta; 	8 ;1.552; 	41,42 ;0,193; 	8,48   ;37,4734402163415;SI;SI;;6;;;;;;;;;;;;;;;;
TRAPANI;Salemi; 	120 ;9.942; 	182,42 ;0,658; 	8,48   ;54,4994975981739;SI;SI;;6;;;;;;;;;;;;;;;;
TRAPANI;Santa Ninfa; 	72 ;4.753; 	60,94 ;1,181; 	8,48   ;77,9889899826892;SI;SI;;6;;;;;;;;;;;;;;;;
TRAPANI;San Vito Lo Capo; 	7.330 ;4.804; 	60,12 ;121,924; 	8,48   ;79,9075175275909;NO;SI;;3;;;;;;;;;;;;;;;;
TRAPANI;Trapani; 	2.750 ;55.229; 	273,13 ;10,068; 	8,48   ;202,205592954931;NO;NO;;0;;;;;;;;;;;;;;;;
TRAPANI;Valderice; 	1.144 ;11.395; 	52,96 ;21,600; 	8,48   ;215,148980520474;NO;NO;;0;;;;;;;;;;;;;;;;
TRAPANI;Vita; 	19 ;1.768; 	9,10 ;2,087; 	8,48   ;194,221685158739;SI;NO;;3;;;;;;;;;;;;;;;;
TRAPANI;Petrosino; 	1.026 ;7.927; 	45,28 ;22,660; 	8,48   ;175,077467417304;NO;NO;;0;;;;;;;;;;;;;;;;
TRAPANI;TOTALE; 	32.490 ;;;; 	8,48   ;;SI;SI;;6;;;;;;;;;;;;;;;;
PALERMO;Alia; 	82 ;3.241; 	45,98 ;1,784; 	8,48   ;70,4940674924688;SI;SI;;6;;;;;;;;;;;;;;;;
PALERMO;Alimena; 	-   ;1.793; 	59,70 ;0,000; 	8,48   ;30,0343057770393;SI;SI;;6;;;;;;;;;;;;;;;;
PALERMO;Aliminusa; 	6 ;1.043; 	13,68 ;0,439; 	8,48   ;76,2382316823578;SI;SI;;6;;;;;;;;;;;;;;;;
PALERMO;Altavilla Milicia; 	1.003 ;8.837; 	23,78 ;42,171; 	8,48   ;371,549179707537;NO;NO;;0;;;;;;;;;;;;;;;;
PALERMO;Altofonte; 	4 ;9.775; 	35,44 ;0,113; 	8,48   ;275,848640228468;SI;NO;;3;;;;;;;;;;;;;;;;
PALERMO;Bagheria; 	231 ;53.010; 	29,84 ;7,742; 	8,48   ;1776,74247121717;SI;NO;;3;;;;;;;;;;;;;;;;
PALERMO;Balestrate; 	528 ;6.283; 	6,43 ;82,116; 	8,48   ;977,153610476057;NO;NO;;0;;;;;;;;;;;;;;;;
PALERMO;Baucina; 	-   ;1.848; 	24,47 ;0,000; 	8,48   ;75,5167256470819;SI;SI;;6;;;;;;;;;;;;;;;;
PALERMO;Belmonte Mezzagno; 	-   ;10.839; 	29,29 ;0,000; 	8,48   ;370,010036253405;SI;NO;;3;;;;;;;;;;;;;;;;
PALERMO;Bisacquino; 	27 ;4.061; 	64,97 ;0,416; 	8,48   ;62,5051946572758;SI;SI;;6;;;;;;;;;;;;;;;;
PALERMO;Bolognetta; 	52 ;4.126; 	27,63 ;1,882; 	8,48   ;149,353681535671;SI;SI;;6;;;;;;;;;;;;;;;;
PALERMO;Bompietro; 	8 ;1.153; 	42,41 ;0,189; 	8,48   ;27,1865354733593;SI;SI;;6;;;;;;;;;;;;;;;;
PALERMO;Borgetto; 	65 ;7.148; 	26,02 ;2,498; 	8,48   ;274,668480370118;SI;NO;;3;;;;;;;;;;;;;;;;
PALERMO;Caccamo; 	51 ;7.625; 	188,23 ;0,271; 	8,48   ;40,5081125132083;SI;SI;;6;;;;;;;;;;;;;;;;
PALERMO;Caltavuturo; 	38 ;3.430; 	97,95 ;0,388; 	8,48   ;35,0187958026451;SI;SI;;6;;;;;;;;;;;;;;;;
PALERMO;Campofelice di Fitalia; 	21 ;435; 	35,46 ;0,592; 	8,48   ;12,2685544258458;SI;SI;;6;;;;;;;;;;;;;;;;
PALERMO;Campofelice di Roccella; 	2.189 ;7.759; 	14,51 ;150,901; 	8,48   ;534,874743213247;NO;NO;;0;;;;;;;;;;;;;;;;
PALERMO;Campofiorito; 	43 ;1.123; 	21,70 ;1,982; 	8,48   ;51,7518675373392;SI;SI;;6;;;;;;;;;;;;;;;;
PALERMO;Camporeale; 	4 ;2.936; 	38,72 ;0,103; 	8,48   ;75,82409636065;SI;SI;;6;;;;;;;;;;;;;;;;
PALERMO;Capaci; 	-   ;11.334; 	6,12 ;0,000; 	8,48   ;1851,80949268851;SI;NO;;3;;;;;;;;;;;;;;;;
PALERMO;Carini; 	72 ;40.254; 	76,60 ;0,940; 	8,48   ;525,542756651535;SI;NO;;3;;;;;;;;;;;;;;;;
PALERMO;Castelbuono; 	279 ;8.018; 	60,79 ;4,590; 	8,48   ;131,903636973817;SI;SI;;6;;;;;;;;;;;;;;;;
PALERMO;Casteldaccia; 	223 ;11.690; 	33,92 ;6,574; 	8,48   ;344,644594475073;SI;NO;;3;;;;;;;;;;;;;;;;
PALERMO;Castellana Sicula; 	41 ;2.974; 	73,20 ;0,560; 	8,48   ;40,629802930428;SI;SI;;6;;;;;;;;;;;;;;;;
PALERMO;Castronovo di Sicilia; 	-   ;2.779; 	201,04 ;0,000; 	8,48   ;13,8229135060659;SI;SI;;6;;;;;;;;;;;;;;;;
PALERMO;Cefalà Diana; 	-   ;976; 	9,06 ;0,000; 	8,48   ;107,734593180489;SI;SI;;6;;;;;;;;;;;;;;;;
PALERMO;Cefalù; 	6.841 ;13.861; 	66,24 ;103,273; 	8,48   ;209,248540951484;NO;NO;;0;;;;;;;;;;;;;;;;
PALERMO;Cerda; 	39 ;4.866; 	43,83 ;0,890; 	8,48   ;111,007439277836;SI;SI;;6;;;;;;;;;;;;;;;;
PALERMO;Chiusa Sclafani; 	53 ;2.475; 	57,55 ;0,921; 	8,48   ;43,005184948359;SI;SI;;6;;;;;;;;;;;;;;;;
PALERMO;Ciminna; 	5 ;3.354; 	56,42 ;0,089; 	8,48   ;59,4455295331204;SI;SI;;6;;;;;;;;;;;;;;;;
PALERMO;Cinisi; 	874 ;11.948; 	33,16 ;26,355; 	8,48   ;360,289727460784;NO;NO;;0;;;;;;;;;;;;;;;;
PALERMO;Collesano; 	151 ;3.654; 	108,17 ;1,396; 	8,48   ;33,781347592871;SI;SI;;6;;;;;;;;;;;;;;;;
PALERMO;Contessa Entellina; 	20 ;1.473; 	136,48 ;0,147; 	8,48   ;10,792948314014;SI;SI;;6;;;;;;;;;;;;;;;;
PALERMO;Corleone; 	162 ;10.279; 	229,46 ;0,706; 	8,48   ;44,7956392345127;SI;SI;;6;;;;;;;;;;;;;;;;
PALERMO;Ficarazzi; 	58 ;12.823; 	3,53 ;16,433; 	8,48   ;3633,09250602068;NO;NO;;0;;;;;;;;;;;;;;;;
PALERMO;Gangi; 	167 ;5.997; 	127,47 ;1,310; 	8,48   ;47,0480985805549;SI;SI;;6;;;;;;;;;;;;;;;;
PALERMO;Geraci Siculo; 	75 ;1.684; 	113,35 ;0,662; 	8,48   ;14,8568746570303;SI;SI;;6;;;;;;;;;;;;;;;;
PALERMO;Giardinello; 	-   ;2.245; 	12,88 ;0,000; 	8,48   ;174,239014016733;SI;NO;;3;;;;;;;;;;;;;;;;
PALERMO;Giuliana; 	-   ;1.668; 	24,14 ;0,000; 	8,48   ;69,0929275021333;SI;SI;;6;;;;;;;;;;;;;;;;
PALERMO;Godrano; 	13 ;1.032; 	38,99 ;0,333; 	8,48   ;26,4713124846097;SI;SI;;6;;;;;;;;;;;;;;;;
PALERMO;Gratteri; 	77 ;848; 	38,17 ;2,017; 	8,48   ;22,2183794207501;SI;SI;;6;;;;;;;;;;;;;;;;
PALERMO;Isnello; 	14 ;1.283; 	51,00 ;0,275; 	8,48   ;25,1580466531758;SI;SI;;6;;;;;;;;;;;;;;;;
PALERMO;Isola delle Femmine; 	1.245 ;7.031; 	3,57 ;349,092; 	8,48   ;1971,45580978017;NO;NO;;0;;;;;;;;;;;;;;;;
PALERMO;Lascari; 	199 ;3.706; 	10,33 ;19,270; 	8,48   ;358,872061045048;NO;NO;;0;;;;;;;;;;;;;;;;
PALERMO;Lercara Friddi; 	9 ;6.115; 	37,43 ;0,240; 	8,48   ;163,361588788292;SI;NO;;3;;;;;;;;;;;;;;;;
PALERMO;Marineo; 	3 ;6.054; 	33,43 ;0,090; 	8,48   ;181,109452453533;SI;NO;;3;;;;;;;;;;;;;;;;
PALERMO;Mezzojuso; 	17 ;2.578; 	49,27 ;0,345; 	8,48   ;52,3267968815015;SI;SI;;6;;;;;;;;;;;;;;;;
PALERMO;Misilmeri; 	33 ;28.939; 	69,49 ;0,475; 	8,48   ;416,450807027239;SI;NO;;3;;;;;;;;;;;;;;;;
PALERMO;Monreale; 	714 ;38.726; 	530,18 ;1,347; 	8,48   ;73,0436271859002;SI;SI;;6;;;;;;;;;;;;;;;;
PALERMO;Montelepre; 	77 ;5.670; 	9,89 ;7,785; 	8,48   ;573,225225953859;SI;NO;;3;;;;;;;;;;;;;;;;
PALERMO;Montemaggiore Belsito; 	21 ;2.893; 	32,08 ;0,655; 	8,48   ;90,1923250789534;SI;SI;;6;;;;;;;;;;;;;;;;
PALERMO;Palazzo Adriano; 	57 ;1.765; 	130,10 ;0,438; 	8,48   ;13,5667167315666;SI;SI;;6;;;;;;;;;;;;;;;;
PALERMO;Palermo; 	14.050 ;630.427; 	160,59 ;87,489; 	8,48   ;3925,63408978258;NO;NO;;0;;;;;;;;;;;;;;;;
PALERMO;Partinico; 	343 ;30.678; 	108,06 ;3,174; 	8,48   ;283,908869306414;SI;NO;;3;;;;;;;;;;;;;;;;
PALERMO;Petralia Soprana; 	118 ;2.905; 	56,10 ;2,103; 	8,48   ;51,7794853422169;SI;SI;;6;;;;;;;;;;;;;;;;
PALERMO;Petralia Sottana; 	341 ;2.412; 	178,35 ;1,912; 	8,48   ;13,5242275434463;SI;SI;;6;;;;;;;;;;;;;;;;
PALERMO;Piana degli Albanesi; 	84 ;5.321; 	64,92 ;1,294; 	8,48   ;81,9656979484699;SI;SI;;6;;;;;;;;;;;;;;;;
PALERMO;Polizzi Generosa; 	289 ;2.860; 	134,66 ;2,146; 	8,48   ;21,2386278658224;SI;SI;;6;;;;;;;;;;;;;;;;
PALERMO;Pollina; 	1.780 ;2.829; 	49,93 ;35,650; 	8,48   ;56,6595500082115;NO;SI;;3;;;;;;;;;;;;;;;;
PALERMO;Prizzi; 	33 ;4.130; 	95,04 ;0,347; 	8,48   ;43,4564388658396;SI;SI;;6;;;;;;;;;;;;;;;;
PALERMO;Roccamena; 	-   ;1.305; 	33,72 ;0,000; 	8,48   ;38,7039371246385;SI;SI;;6;;;;;;;;;;;;;;;;
PALERMO;Roccapalumba; 	15 ;2.177; 	31,57 ;0,475; 	8,48   ;68,9650802903059;SI;SI;;6;;;;;;;;;;;;;;;;
PALERMO;San Cipirello; 	16 ;4.886; 	20,85 ;0,767; 	8,48   ;234,312432562043;SI;NO;;3;;;;;;;;;;;;;;;;
PALERMO;San Giuseppe Jato; 	48 ;8.010; 	29,78 ;1,612; 	8,48   ;268,955305067843;SI;NO;;3;;;;;;;;;;;;;;;;
PALERMO;San Mauro Castelverde; 	37 ;1.315; 	114,37 ;0,324; 	8,48   ;11,4980719962926;SI;SI;;6;;;;;;;;;;;;;;;;
PALERMO;Santa Cristina Gela; 	69 ;993; 	38,74 ;1,781; 	8,48   ;25,6310980331423;SI;SI;;6;;;;;;;;;;;;;;;;
PALERMO;Santa Flavia; 	1.094 ;11.042; 	14,60 ;74,933; 	8,48   ;756,316910621451;NO;NO;;0;;;;;;;;;;;;;;;;
PALERMO;Sciara; 	10 ;2.492; 	31,19 ;0,321; 	8,48   ;79,88843829644;SI;SI;;6;;;;;;;;;;;;;;;;
PALERMO;Sclafani Bagni; 	49 ;369; 	134,90 ;0,363; 	8,48   ;2,73527233750147;SI;SI;;6;;;;;;;;;;;;;;;;
PALERMO;Termini Imerese; 	523 ;24.865; 	78,19 ;6,689; 	8,48   ;317,993996928126;SI;NO;;3;;;;;;;;;;;;;;;;
PALERMO;Terrasini; 	3.089 ;12.982; 	19,85 ;155,644; 	8,48   ;654,117077988169;NO;NO;;0;;;;;;;;;;;;;;;;
PALERMO;Torretta; 	10 ;4.384; 	25,54 ;0,392; 	8,48   ;171,635509445043;SI;NO;;3;;;;;;;;;;;;;;;;
PALERMO;Trabia; 	373 ;10.644; 	20,57 ;18,130; 	8,48   ;517,357026898288;NO;NO;;0;;;;;;;;;;;;;;;;
PALERMO;Trappeto; 	66 ;3.106; 	4,19 ;15,744; 	8,48   ;740,899766232527;NO;NO;;0;;;;;;;;;;;;;;;;
PALERMO;Ustica; 	940 ;1.309; 	8,24 ;114,067; 	8,48   ;158,843801572663;NO;NO;SI;0;;;;;;;;;;;;;;;;
PALERMO;Valledolmo; 	48 ;3.124; 	25,78 ;1,862; 	8,48   ;121,180618859025;SI;SI;;6;;;;;;;;;;;;;;;;
PALERMO;Ventimiglia di Sicilia; 	10 ;1.768; 	26,90 ;0,372; 	8,48   ;65,7236854333563;SI;SI;;6;;;;;;;;;;;;;;;;
PALERMO;Vicari; 	-   ;2.389; 	86,01 ;0,000; 	8,48   ;27,776227548809;SI;SI;;6;;;;;;;;;;;;;;;;
PALERMO;Villabate; 	-   ;19.521; 	3,80 ;0,000; 	8,48   ;5136,5645721503;SI;NO;;3;;;;;;;;;;;;;;;;
PALERMO;Villafrati; 	-   ;3.104; 	25,64 ;0,000; 	8,48   ;121,039599134317;SI;SI;;6;;;;;;;;;;;;;;;;
PALERMO;Scillato; 	42 ;590; 	31,70 ;1,325; 	8,48   ;18,6142774663129;SI;SI;;6;;;;;;;;;;;;;;;;
PALERMO;Blufi; 	12 ;859; 	21,98 ;0,546; 	8,48   ;39,0781380791207;SI;SI;;6;;;;;;;;;;;;;;;;
PALERMO;TOTALE; 	39.380 ;;;; 	8,48   ;;SI;SI;;6;;;;;;;;;;;;;;;;
MESSINA;Alcara li Fusi; 	19 ;1.654; 	62,94 ;0,302; 	8,48   ;26,280874863948;SI;SI;;6;;;;;;;;;;;;;;;;
MESSINA;Alì; 	-   ;632; 	15,94 ;0,000; 	8,48   ;39,6516676286797;SI;SI;;6;;;;;;;;;;;;;;;;
MESSINA;Alì Terme; 	154 ;2.318; 	6,27 ;24,544; 	8,48   ;369,43182723723;NO;NO;;0;;;;;;;;;;;;;;;;
MESSINA;Antillo; 	28 ;795; 	43,64 ;0,642; 	8,48   ;18,2192358462892;SI;SI;;6;;;;;;;;;;;;;;;;
MESSINA;Barcellona Pozzo di Gotto; 	529 ;39.817; 	59,14 ;8,944; 	8,48   ;673,236088308447;NO;NO;;0;;;;;;;;;;;;;;;;
MESSINA;Basicò; 	-   ;635; 	12,07 ;0,000; 	8,48   ;52,6154432540373;SI;SI;;6;;;;;;;;;;;;;;;;
MESSINA;Brolo; 	626 ;5.748; 	7,66 ;81,673; 	8,48   ;749,931504168461;NO;NO;;0;;;;;;;;;;;;;;;;
MESSINA;Capizzi; 	8 ;2.816; 	70,17 ;0,114; 	8,48   ;40,1325399935868;SI;SI;;6;;;;;;;;;;;;;;;;
MESSINA;Capo d'Orlando; 	1.830 ;13.111; 	14,43 ;126,839; 	8,48   ;908,73805249624;NO;NO;;0;;;;;;;;;;;;;;;;
MESSINA;Capri Leone; 	62 ;4.361; 	6,76 ;9,165; 	8,48   ;644,679655855483;NO;NO;;0;;;;;;;;;;;;;;;;
MESSINA;Caronia; 	151 ;3.001; 	227,26 ;0,664; 	8,48   ;13,2050232770987;SI;SI;;6;;;;;;;;;;;;;;;;
MESSINA;Casalvecchio Siculo; 	6 ;718; 	33,62 ;0,178; 	8,48   ;21,3548745921606;SI;SI;;6;;;;;;;;;;;;;;;;
MESSINA;Castel di Lucio; 	14 ;1.328; 	28,78 ;0,486; 	8,48   ;46,1455600535122;SI;SI;;6;;;;;;;;;;;;;;;;
MESSINA;Castell'Umberto; 	20 ;2.815; 	11,43 ;1,750; 	8,48   ;246,318350060814;SI;NO;;3;;;;;;;;;;;;;;;;
MESSINA;Castelmola; 	208 ;1.071; 	16,83 ;12,360; 	8,48   ;63,6427922012324;NO;SI;;3;;;;;;;;;;;;;;;;
MESSINA;Castroreale; 	32 ;2.266; 	53,07 ;0,603; 	8,48   ;42,698162057049;SI;SI;;6;;;;;;;;;;;;;;;;
MESSINA;Cesarò; 	220 ;2.115; 	216,93 ;1,014; 	8,48   ;9,74952704421998;SI;SI;;6;;;;;;;;;;;;;;;;
MESSINA;Condrò; 	-   ;481; 	5,13 ;0,000; 	8,48   ;93,7165124208475;SI;SI;;6;;;;;;;;;;;;;;;;
MESSINA;Falcone; 	132 ;2.812; 	9,34 ;14,137; 	8,48   ;301,17062408294;NO;NO;;0;;;;;;;;;;;;;;;;
MESSINA;Ficarra; 	63 ;1.283; 	18,66 ;3,377; 	8,48   ;68,7692291199897;SI;SI;;6;;;;;;;;;;;;;;;;
MESSINA;Fiumedinisi; 	17 ;1.283; 	36,69 ;0,463; 	8,48   ;34,9645585281638;SI;SI;;6;;;;;;;;;;;;;;;;
MESSINA;Floresta; 	104 ;468; 	31,33 ;3,319; 	8,48   ;14,9369965147008;SI;SI;;6;;;;;;;;;;;;;;;;
MESSINA;Fondachelli-Fantina; 	12 ;1.083; 	42,21 ;0,284; 	8,48   ;25,6560899455608;SI;SI;;6;;;;;;;;;;;;;;;;
MESSINA;Forza d'Agrò; 	550 ;847; 	11,19 ;49,155; 	8,48   ;75,6979944946913;NO;SI;;3;;;;;;;;;;;;;;;;
MESSINA;Francavilla di Sicilia; 	156 ;3.533; 	82,73 ;1,886; 	8,48   ;42,7065277042431;SI;SI;;6;;;;;;;;;;;;;;;;
MESSINA;Frazzanò; 	-   ;561; 	7,00 ;0,000; 	8,48   ;80,1634706067274;SI;SI;;6;;;;;;;;;;;;;;;;
MESSINA;Furci Siculo; 	180 ;3.193; 	17,91 ;10,048; 	8,48   ;178,245457336646;NO;NO;;0;;;;;;;;;;;;;;;;
MESSINA;Furnari; 	1.730 ;4.178; 	13,55 ;127,633; 	8,48   ;308,237116824671;NO;NO;;0;;;;;;;;;;;;;;;;
MESSINA;Gaggi; 	104 ;3.088; 	7,65 ;13,594; 	8,48   ;403,628473583771;NO;NO;;0;;;;;;;;;;;;;;;;
MESSINA;Galati Mamertino; 	89 ;2.206; 	39,31 ;2,264; 	8,48   ;56,1161803349164;SI;SI;;6;;;;;;;;;;;;;;;;
MESSINA;Gallodoro; 	-   ;323; 	6,91 ;0,000; 	8,48   ;46,7546754675468;SI;SI;;6;;;;;;;;;;;;;;;;
MESSINA;Giardini-Naxos; 	7.664 ;9.363; 	5,29 ;1448,634; 	8,48   ;1769,7760136093;NO;NO;;0;;;;;;;;;;;;;;;;
MESSINA;Gioiosa Marea; 	3.677 ;6.767; 	26,48 ;138,845; 	8,48   ;255,525305199243;NO;NO;;0;;;;;;;;;;;;;;;;
MESSINA;Graniti; 	96 ;1.453; 	10,05 ;9,555; 	8,48   ;144,613087832794;NO;SI;;3;;;;;;;;;;;;;;;;
MESSINA;Gualtieri Sicaminò; 	2 ;1.555; 	14,38 ;0,139; 	8,48   ;108,106229143493;SI;SI;;6;;;;;;;;;;;;;;;;
MESSINA;Itala; 	56 ;1.479; 	10,98 ;5,099; 	8,48   ;134,655304271823;SI;SI;;6;;;;;;;;;;;;;;;;
MESSINA;Leni; 	190 ;677; 	8,79 ;21,615; 	8,48   ;77,0193401592719;NO;SI;SI;6;;;;;;;;;;;;;;;;
MESSINA;Letojanni; 	2.703 ;2.910; 	6,72 ;401,981; 	8,48   ;432,765236013206;NO;NO;;0;;;;;;;;;;;;;;;;
MESSINA;Librizzi; 	55 ;1.566; 	23,39 ;2,352; 	8,48   ;66,9611360303078;SI;SI;;6;;;;;;;;;;;;;;;;
MESSINA;Limina; 	-   ;725; 	9,99 ;0,000; 	8,48   ;72,5544158118589;SI;SI;;6;;;;;;;;;;;;;;;;
MESSINA;Lipari; 	6.185 ;12.676; 	89,72 ;68,935; 	8,48   ;141,280057956477;NO;SI;SI;6;;;;;;;;;;;;;;;;
MESSINA;Longi; 	73 ;1.290; 	42,11 ;1,734; 	8,48   ;30,6336899348144;SI;SI;;6;;;;;;;;;;;;;;;;
MESSINA;Malfa; 	407 ;1.004; 	8,74 ;46,593; 	8,48   ;114,935949538081;NO;SI;SI;6;;;;;;;;;;;;;;;;
MESSINA;Malvagna; 	23 ;608; 	6,71 ;3,428; 	8,48   ;90,6177807586258;SI;SI;;6;;;;;;;;;;;;;;;;
MESSINA;Mandanici; 	-   ;493; 	11,85 ;0,000; 	8,48   ;41,590038637399;SI;SI;;6;;;;;;;;;;;;;;;;
MESSINA;Mazzarrà Sant'Andrea; 	-   ;1.390; 	6,69 ;0,000; 	8,48   ;207,639334956605;SI;NO;;3;;;;;;;;;;;;;;;;
MESSINA;Merì; 	8 ;2.309; 	1,85 ;4,324; 	8,48   ;1247,90574501432;SI;NO;;3;;;;;;;;;;;;;;;;
MESSINA;Messina; 	2.494 ;217.959; 	213,75 ;11,668; 	8,48   ;1019,67357758018;NO;NO;;0;;;;;;;;;;;;;;;;
MESSINA;Milazzo; 	2.133 ;30.028; 	24,70 ;86,347; 	8,48   ;1215,58054617733;NO;NO;;0;;;;;;;;;;;;;;;;
MESSINA;Militello Rosmarino; 	-   ;1.147; 	29,54 ;0,000; 	8,48   ;38,8339653304442;SI;SI;;6;;;;;;;;;;;;;;;;
MESSINA;Mirto; 	19 ;873; 	9,27 ;2,050; 	8,48   ;94,1818691810601;SI;SI;;6;;;;;;;;;;;;;;;;
MESSINA;Mistretta; 	16 ;4.308; 	127,47 ;0,126; 	8,48   ;33,7962668775403;SI;SI;;6;;;;;;;;;;;;;;;;
MESSINA;Moio Alcantara; 	39 ;686; 	8,60 ;4,535; 	8,48   ;79,7692969603944;SI;SI;;6;;;;;;;;;;;;;;;;
MESSINA;Monforte San Giorgio; 	50 ;2.442; 	32,26 ;1,550; 	8,48   ;75,6967542149329;SI;SI;;6;;;;;;;;;;;;;;;;
MESSINA;Mongiuffi Melia; 	-   ;520; 	24,36 ;0,000; 	8,48   ;21,3441038965304;SI;SI;;6;;;;;;;;;;;;;;;;
MESSINA;Montagnareale; 	13 ;1.373; 	16,38 ;0,794; 	8,48   ;83,8365766832956;SI;SI;;6;;;;;;;;;;;;;;;;
MESSINA;Montalbano Elicona; 	65 ;2.065; 	67,80 ;0,959; 	8,48   ;30,4564185611591;SI;SI;;6;;;;;;;;;;;;;;;;
MESSINA;Motta Camastra; 	130 ;790; 	25,31 ;5,136; 	8,48   ;31,2136992579832;SI;SI;;6;;;;;;;;;;;;;;;;
MESSINA;Motta d'Affermo; 	2 ;654; 	14,58 ;0,137; 	8,48   ;44,8664297572822;SI;SI;;6;;;;;;;;;;;;;;;;
MESSINA;Naso; 	26 ;3.419; 	36,74 ;0,708; 	8,48   ;93,0661752496781;SI;SI;;6;;;;;;;;;;;;;;;;
MESSINA;Nizza di Sicilia; 	69 ;3.520; 	13,42 ;5,143; 	8,48   ;262,381108560184;SI;NO;;3;;;;;;;;;;;;;;;;
MESSINA;Novara di Sicilia; 	29 ;1.131; 	49,18 ;0,590; 	8,48   ;22,9976209357653;SI;SI;;6;;;;;;;;;;;;;;;;
MESSINA;Oliveri; 	97 ;2.174; 	10,43 ;9,296; 	8,48   ;208,339322849285;NO;NO;;0;;;;;;;;;;;;;;;;
MESSINA;Pace del Mela; 	40 ;5.962; 	12,18 ;3,285; 	8,48   ;489,659817014077;SI;NO;;3;;;;;;;;;;;;;;;;
MESSINA;Pagliara; 	20 ;1.116; 	14,48 ;1,381; 	8,48   ;77,0750169205906;SI;SI;;6;;;;;;;;;;;;;;;;
MESSINA;Patti; 	1.163 ;12.680; 	50,08 ;23,224; 	8,48   ;253,208539597782;NO;NO;;0;;;;;;;;;;;;;;;;
MESSINA;Pettineo; 	-   ;1.239; 	30,62 ;0,000; 	8,48   ;40,4679783648193;SI;SI;;6;;;;;;;;;;;;;;;;
MESSINA;Piraino; 	1.927 ;3.794; 	16,97 ;113,561; 	8,48   ;223,585500533329;NO;NO;;0;;;;;;;;;;;;;;;;
MESSINA;Raccuja; 	-   ;834; 	25,20 ;0,000; 	8,48   ;33,0923490806358;SI;SI;;6;;;;;;;;;;;;;;;;
MESSINA;Reitano; 	29 ;716; 	14,12 ;2,054; 	8,48   ;50,7171949707809;SI;SI;;6;;;;;;;;;;;;;;;;
MESSINA;Roccafiorita; 	-   ;178; 	1,17 ;0,000; 	8,48   ;152,371169320322;SI;NO;;3;;;;;;;;;;;;;;;;
MESSINA;Roccalumera; 	290 ;4.062; 	8,91 ;32,562; 	8,48   ;456,086771013451;NO;NO;;0;;;;;;;;;;;;;;;;
MESSINA;Roccavaldina; 	4 ;1.004; 	7,13 ;0,561; 	8,48   ;140,762134425034;SI;SI;;6;;;;;;;;;;;;;;;;
MESSINA;Roccella Valdemone; 	-   ;561; 	41,15 ;0,000; 	8,48   ;13,6324866287419;SI;SI;;6;;;;;;;;;;;;;;;;
MESSINA;Rodì Milici; 	51 ;1.948; 	36,55 ;1,396; 	8,48   ;53,3037080007552;SI;SI;;6;;;;;;;;;;;;;;;;
MESSINA;Rometta; 	60 ;6.584; 	32,12 ;1,868; 	8,48   ;204,958348379385;SI;NO;;3;;;;;;;;;;;;;;;;
MESSINA;San Filippo del Mela; 	135 ;6.694; 	10,05 ;13,432; 	8,48   ;666,04314256149;NO;NO;;0;;;;;;;;;;;;;;;;
MESSINA;San Fratello; 	6 ;3.222; 	67,63 ;0,089; 	8,48   ;47,6414382923605;SI;SI;;6;;;;;;;;;;;;;;;;
MESSINA;San Marco d'Alunzio; 	130 ;1.818; 	26,14 ;4,973; 	8,48   ;69,5459240273899;SI;SI;;6;;;;;;;;;;;;;;;;
MESSINA;San Pier Niceto; 	38 ;2.588; 	36,68 ;1,036; 	8,48   ;70,5555843327345;SI;SI;;6;;;;;;;;;;;;;;;;
MESSINA;San Piero Patti; 	97 ;2.601; 	41,82 ;2,320; 	8,48   ;62,1967579252443;SI;SI;;6;;;;;;;;;;;;;;;;
MESSINA;San Salvatore di Fitalia; 	49 ;1.119; 	15,00 ;3,267; 	8,48   ;74,6169131669845;SI;SI;;6;;;;;;;;;;;;;;;;
MESSINA;Santa Domenica Vittoria; 	67 ;861; 	20,16 ;3,323; 	8,48   ;42,7004964366659;SI;SI;;6;;;;;;;;;;;;;;;;
MESSINA;Sant'Agata di Militello; 	599 ;11.939; 	33,98 ;17,630; 	8,48   ;351,38579446624;NO;NO;;0;;;;;;;;;;;;;;;;
MESSINA;Sant'Alessio Siculo; 	1.306 ;1.547; 	6,17 ;211,752; 	8,48   ;250,826901874311;NO;NO;;0;;;;;;;;;;;;;;;;
MESSINA;Santa Lucia del Mela; 	-   ;4.373; 	85,68 ;0,000; 	8,48   ;51,0416083067212;SI;SI;;6;;;;;;;;;;;;;;;;
MESSINA;Santa Marina Salina; 	469 ;856; 	8,78 ;53,408; 	8,48   ;97,477651881797;NO;SI;SI;6;;;;;;;;;;;;;;;;
MESSINA;Sant'Angelo di Brolo; 	51 ;2.717; 	30,39 ;1,678; 	8,48   ;89,4150014480162;SI;SI;;6;;;;;;;;;;;;;;;;
MESSINA;Santa Teresa di Riva; 	222 ;9.265; 	8,12 ;27,348; 	8,48   ;1141,34719621563;NO;NO;;0;;;;;;;;;;;;;;;;
MESSINA;San Teodoro; 	-   ;1.248; 	13,97 ;0,000; 	8,48   ;89,3074379928726;SI;SI;;6;;;;;;;;;;;;;;;;
MESSINA;Santo Stefano di Camastra; 	215 ;4.349; 	21,92 ;9,809; 	8,48   ;198,425010037595;NO;NO;;0;;;;;;;;;;;;;;;;
MESSINA;Saponara; 	-   ;3.675; 	26,26 ;0,000; 	8,48   ;139,932299420852;SI;SI;;6;;;;;;;;;;;;;;;;
MESSINA;Savoca; 	140 ;1.727; 	9,08 ;15,426; 	8,48   ;190,288352413588;NO;NO;;0;;;;;;;;;;;;;;;;
MESSINA;Scaletta Zanclea; 	-   ;1.845; 	4,76 ;0,000; 	8,48   ;387,450387450387;SI;NO;;3;;;;;;;;;;;;;;;;
MESSINA;Sinagra; 	146 ;2.465; 	24,03 ;6,076; 	8,48   ;102,591635348125;SI;SI;;6;;;;;;;;;;;;;;;;
MESSINA;Spadafora; 	34 ;4.654; 	10,52 ;3,230; 	8,48   ;442,193675889328;SI;NO;;3;;;;;;;;;;;;;;;;
MESSINA;Taormina; 	8.291 ;10.498; 	13,13 ;631,296; 	8,48   ;799,342130309975;NO;NO;;0;;;;;;;;;;;;;;;;
MESSINA;Torregrotta; 	89 ;7.289; 	4,13 ;21,570; 	8,48   ;1766,55922057148;NO;NO;;0;;;;;;;;;;;;;;;;
MESSINA;Tortorici; 	54 ;5.630; 	70,50 ;0,766; 	8,48   ;79,856117148782;SI;SI;;6;;;;;;;;;;;;;;;;
MESSINA;Tripi; 	56 ;746; 	54,67 ;1,024; 	8,48   ;13,646083519153;SI;SI;;6;;;;;;;;;;;;;;;;
MESSINA;Tusa; 	423 ;2.540; 	41,07 ;10,298; 	8,48   ;61,8391548973446;NO;SI;;3;;;;;;;;;;;;;;;;
MESSINA;Ucria; 	10 ;875; 	26,26 ;0,381; 	8,48   ;33,3146771141494;SI;SI;;6;;;;;;;;;;;;;;;;
MESSINA;Valdina; 	-   ;1.255; 	2,60 ;0,000; 	8,48   ;482,39544895449;SI;NO;;3;;;;;;;;;;;;;;;;
MESSINA;Venetico; 	102 ;3.965; 	4,52 ;22,581; 	8,48   ;877,794996679212;NO;NO;;0;;;;;;;;;;;;;;;;
MESSINA;Villafranca Tirrena; 	207 ;7.924; 	14,25 ;14,530; 	8,48   ;556,226309139408;NO;NO;;0;;;;;;;;;;;;;;;;
MESSINA;Terme Vigliatore; 	837 ;7.222; 	13,23 ;63,274; 	8,48   ;545,954854023979;NO;NO;;0;;;;;;;;;;;;;;;;
MESSINA;Acquedolci; 	60 ;5.485; 	12,93 ;4,640; 	8,48   ;424,187586036224;SI;NO;;3;;;;;;;;;;;;;;;;
MESSINA;Torrenova; 	193 ;4.507; 	12,93 ;14,930; 	8,48   ;348,65011216833;NO;NO;;0;;;;;;;;;;;;;;;;
MESSINA;TOTALE; 	50.975 ;;;; 	8,48   ;;SI;SI;;6;;;;;;;;;;;;;;;;
AGRIGENTO;Agrigento; 	5.127 ;55.367; 	245,32 ;20,899; 	8,48   ;225,692420448996;NO;NO;;0;;;;;;;;;;;;;;;;
AGRIGENTO;Alessandria della Rocca; 	-   ;2.399; 	62,24 ;0,000; 	8,48   ;38,5440967603036;SI;SI;;6;;;;;;;;;;;;;;;;
AGRIGENTO;Aragona; 	90 ;8.682; 	74,70 ;1,205; 	8,48   ;116,220854428092;SI;SI;;6;;;;;;;;;;;;;;;;
AGRIGENTO;Bivona; 	12 ;3.120; 	88,57 ;0,135; 	8,48   ;35,2245849539089;SI;SI;;6;;;;;;;;;;;;;;;;
AGRIGENTO;Burgio; 	72 ;2.474; 	42,23 ;1,705; 	8,48   ;58,5820029646187;SI;SI;;6;;;;;;;;;;;;;;;;
AGRIGENTO;Calamonaci; 	-   ;1.143; 	32,89 ;0,000; 	8,48   ;34,7515703574882;SI;SI;;6;;;;;;;;;;;;;;;;
AGRIGENTO;Caltabellotta; 	46 ;3.144; 	124,09 ;0,371; 	8,48   ;25,3366739490801;SI;SI;;6;;;;;;;;;;;;;;;;
AGRIGENTO;Camastra; 	-   ;1.980; 	16,32 ;0,000; 	8,48   ;121,354760416284;SI;SI;;6;;;;;;;;;;;;;;;;
AGRIGENTO;Cammarata; 	139 ;5.837; 	192,46 ;0,722; 	8,48   ;30,3290417851787;SI;SI;;6;;;;;;;;;;;;;;;;
AGRIGENTO;Campobello di Licata; 	47 ;9.018; 	81,33 ;0,578; 	8,48   ;110,883093217786;SI;SI;;6;;;;;;;;;;;;;;;;
AGRIGENTO;Canicattì; 	184 ;34.394; 	91,86 ;2,003; 	8,48   ;374,41433124902;SI;NO;;3;;;;;;;;;;;;;;;;
AGRIGENTO;Casteltermini; 	10 ;7.217; 	99,98 ;0,100; 	8,48   ;72,1821987915958;SI;SI;;6;;;;;;;;;;;;;;;;
AGRIGENTO;Castrofilippo; 	19 ;2.592; 	18,08 ;1,051; 	8,48   ;143,398522862438;SI;SI;;6;;;;;;;;;;;;;;;;
AGRIGENTO;Cattolica Eraclea; 	488 ;3.273; 	62,16 ;7,850; 	8,48   ;52,6503744884565;SI;SI;;6;;;;;;;;;;;;;;;;
AGRIGENTO;Cianciana; 	-   ;3.040; 	38,08 ;0,000; 	8,48   ;79,8277401396985;SI;SI;;6;;;;;;;;;;;;;;;;
AGRIGENTO;Comitini; 	15 ;836; 	21,89 ;0,685; 	8,48   ;38,1904313782817;SI;SI;;6;;;;;;;;;;;;;;;;
AGRIGENTO;Favara; 	189 ;31.515; 	81,88 ;2,308; 	8,48   ;384,911799442815;SI;NO;;3;;;;;;;;;;;;;;;;
AGRIGENTO;Grotte; 	9 ;5.141; 	23,98 ;0,375; 	8,48   ;214,419178859212;SI;NO;;3;;;;;;;;;;;;;;;;
AGRIGENTO;Joppolo Giancaxio; 	11 ;1.059; 	19,14 ;0,575; 	8,48   ;55,3222166499498;SI;SI;;6;;;;;;;;;;;;;;;;
AGRIGENTO;Lampedusa e Linosa; 	2.582 ;6.522; 	25,22 ;102,371; 	8,48   ;258,582750841524;NO;NO;SI;0;;;;;;;;;;;;;;;;
AGRIGENTO;Licata; 	2.131 ;34.290; 	179,68 ;11,860; 	8,48   ;190,838207712557;NO;NO;;0;;;;;;;;;;;;;;;;
AGRIGENTO;Lucca Sicula; 	-   ;1.697; 	18,63 ;0,000; 	8,48   ;91,0783961185683;SI;SI;;6;;;;;;;;;;;;;;;;
AGRIGENTO;Menfi; 	1.227 ;11.834; 	113,58 ;10,803; 	8,48   ;104,191153876969;NO;SI;;3;;;;;;;;;;;;;;;;
AGRIGENTO;Montallegro; 	133 ;2.357; 	27,41 ;4,852; 	8,48   ;85,9817311620849;SI;SI;;6;;;;;;;;;;;;;;;;
AGRIGENTO;Montevago; 	25 ;2.654; 	32,91 ;0,760; 	8,48   ;80,6451612903226;SI;SI;;6;;;;;;;;;;;;;;;;
AGRIGENTO;Naro; 	69 ;6.971; 	207,49 ;0,333; 	8,48   ;33,5967350778638;SI;SI;;6;;;;;;;;;;;;;;;;
AGRIGENTO;Palma di Montechiaro; 	351 ;21.369; 	77,06 ;4,555; 	8,48   ;277,289726174936;SI;NO;;3;;;;;;;;;;;;;;;;
AGRIGENTO;Porto Empedocle; 	729 ;15.600; 	25,23 ;28,899; 	8,48   ;618,409577420122;NO;NO;;0;;;;;;;;;;;;;;;;
AGRIGENTO;Racalmuto; 	128 ;7.484; 	68,10 ;1,880; 	8,48   ;109,893982555578;SI;SI;;6;;;;;;;;;;;;;;;;
AGRIGENTO;Raffadali; 	28 ;11.877; 	22,30 ;1,256; 	8,48   ;532,622392831998;SI;NO;;3;;;;;;;;;;;;;;;;
AGRIGENTO;Ravanusa; 	14 ;10.284; 	49,50 ;0,283; 	8,48   ;207,752119641302;SI;NO;;3;;;;;;;;;;;;;;;;
AGRIGENTO;Realmonte; 	439 ;4.395; 	20,37 ;21,552; 	8,48   ;215,762705207761;NO;NO;;0;;;;;;;;;;;;;;;;
AGRIGENTO;Ribera; 	653 ;17.802; 	118,52 ;5,509; 	8,48   ;150,198949062965;SI;NO;;3;;;;;;;;;;;;;;;;
AGRIGENTO;Sambuca di Sicilia; 	110 ;5.301; 	96,37 ;1,141; 	8,48   ;55,0050896050653;SI;SI;;6;;;;;;;;;;;;;;;;
AGRIGENTO;San Biagio Platani; 	16 ;2.836; 	42,67 ;0,375; 	8,48   ;66,4683865010113;SI;SI;;6;;;;;;;;;;;;;;;;
AGRIGENTO;San Giovanni Gemini; 	16 ;7.480; 	26,56 ;0,602; 	8,48   ;281,628626721587;SI;NO;;3;;;;;;;;;;;;;;;;
AGRIGENTO;Santa Elisabetta; 	-   ;2.176; 	16,17 ;0,000; 	8,48   ;134,590167990302;SI;SI;;6;;;;;;;;;;;;;;;;
AGRIGENTO;Santa Margherita di Belice; 	24 ;5.961; 	67,28 ;0,357; 	8,48   ;88,6048855315847;SI;SI;;6;;;;;;;;;;;;;;;;
AGRIGENTO;Sant'Angelo Muxaro; 	23 ;1.170; 	64,52 ;0,356; 	8,48   ;18,133321761071;SI;SI;;6;;;;;;;;;;;;;;;;
AGRIGENTO;Santo Stefano Quisquina; 	100 ;3.998; 	85,52 ;1,169; 	8,48   ;46,7495717351014;SI;SI;;6;;;;;;;;;;;;;;;;
AGRIGENTO;Sciacca; 	3.851 ;38.749; 	191,67 ;20,092; 	8,48   ;202,164546884081;NO;NO;;0;;;;;;;;;;;;;;;;
AGRIGENTO;Siculiana; 	324 ;4.149; 	40,99 ;7,904; 	8,48   ;101,216105778027;SI;SI;;6;;;;;;;;;;;;;;;;
AGRIGENTO;Villafranca Sicula; 	-   ;1.321; 	17,63 ;0,000; 	8,48   ;74,9316482693682;SI;SI;;6;;;;;;;;;;;;;;;;
AGRIGENTO;TOTALE; 	19.431 ;;;; 	8,48   ;;SI;SI;;6;;;;;;;;;;;;;;;;
CALTANISSETTA;Acquaviva Platani; 	13 ;855; 	14,63 ;0,888; 	8,48   ;58,4275805514744;SI;SI;;6;;;;;;;;;;;;;;;;
CALTANISSETTA;Bompensiere; 	20 ;478; 	19,95 ;1,003; 	8,48   ;23,9638636967518;SI;SI;;6;;;;;;;;;;;;;;;;
CALTANISSETTA;Butera; 	1.166 ;4.118; 	298,55 ;3,906; 	8,48   ;13,7934083719759;SI;SI;;6;;;;;;;;;;;;;;;;
CALTANISSETTA;Caltanissetta; 	1.211 ;58.343; 	421,25 ;2,875; 	8,48   ;138,498782678715;SI;SI;;6;;;;;;;;;;;;;;;;
CALTANISSETTA;Campofranco; 	13 ;2.599; 	36,11 ;0,360; 	8,48   ;71,9673474812813;SI;SI;;6;;;;;;;;;;;;;;;;
CALTANISSETTA;Delia; 	5 ;3.871; 	12,40 ;0,403; 	8,48   ;312,202596983628;SI;NO;;3;;;;;;;;;;;;;;;;
CALTANISSETTA;Gela; 	608 ;70.856; 	279,07 ;2,179; 	8,48   ;253,899363316602;SI;NO;;3;;;;;;;;;;;;;;;;
CALTANISSETTA;Marianopoli; 	-   ;1.553; 	13,07 ;0,000; 	8,48   ;118,81536566519;SI;SI;;6;;;;;;;;;;;;;;;;
CALTANISSETTA;Mazzarino; 	92 ;10.819; 	295,59 ;0,311; 	8,48   ;36,6009153781018;SI;SI;;6;;;;;;;;;;;;;;;;
CALTANISSETTA;Milena; 	8 ;2.670; 	24,63 ;0,325; 	8,48   ;108,417590449507;SI;SI;;6;;;;;;;;;;;;;;;;
CALTANISSETTA;Montedoro; 	8 ;1.360; 	14,53 ;0,550; 	8,48   ;93,5775523965486;SI;SI;;6;;;;;;;;;;;;;;;;
CALTANISSETTA;Mussomeli; 	114 ;9.915; 	164,43 ;0,693; 	8,48   ;60,3002789686128;SI;SI;;6;;;;;;;;;;;;;;;;
CALTANISSETTA;Niscemi; 	22 ;24.885; 	96,82 ;0,227; 	8,48   ;257,027058850262;SI;NO;;3;;;;;;;;;;;;;;;;
CALTANISSETTA;Resuttano; 	-   ;1.720; 	38,27 ;0,000; 	8,48   ;44,9392405790891;SI;SI;;6;;;;;;;;;;;;;;;;
CALTANISSETTA;Riesi; 	98 ;10.409; 	67,00 ;1,463; 	8,48   ;155,366788912224;SI;NO;;3;;;;;;;;;;;;;;;;
CALTANISSETTA;San Cataldo; 	189 ;20.668; 	72,78 ;2,597; 	8,48   ;283,995894233927;SI;NO;;3;;;;;;;;;;;;;;;;
CALTANISSETTA;Santa Caterina Villarmosa; 	28 ;4.572; 	75,82 ;0,369; 	8,48   ;60,3046890457034;SI;SI;;6;;;;;;;;;;;;;;;;
CALTANISSETTA;Serradifalco; 	29 ;5.456; 	41,94 ;0,691; 	8,48   ;130,094327925453;SI;SI;;6;;;;;;;;;;;;;;;;
CALTANISSETTA;Sommatino; 	8 ;6.363; 	34,76 ;0,230; 	8,48   ;183,070509334783;SI;NO;;3;;;;;;;;;;;;;;;;
CALTANISSETTA;Sutera; 	18 ;1.156; 	35,58 ;0,506; 	8,48   ;32,4864194963481;SI;SI;;6;;;;;;;;;;;;;;;;
CALTANISSETTA;Vallelunga Pratameno; 	8 ;3.061; 	39,37 ;0,203; 	8,48   ;77,7408671624203;SI;SI;;6;;;;;;;;;;;;;;;;
CALTANISSETTA;Villalba; 	21 ;1.391; 	41,82 ;0,502; 	8,48   ;33,2628699328525;SI;SI;;6;;;;;;;;;;;;;;;;
CALTANISSETTA;TOTALE; 	3.679 ;;;; 	8,48   ;;SI;SI;;6;;;;;;;;;;;;;;;;
ENNA;Agira; 	38 ;7.632; 	164,08 ;0,232; 	8,48   ;46,5130168798615;SI;SI;;6;;;;;;;;;;;;;;;;
ENNA;Aidone; 	38 ;4.208; 	210,78 ;0,180; 	8,48   ;19,9640381631946;SI;SI;;6;;;;;;;;;;;;;;;;
ENNA;Assoro; 	47 ;4.776; 	112,15 ;0,419; 	8,48   ;42,5852529836872;SI;SI;;6;;;;;;;;;;;;;;;;
ENNA;Barrafranca; 	8 ;11.664; 	53,71 ;0,149; 	8,48   ;217,154942583518;SI;NO;;3;;;;;;;;;;;;;;;;
ENNA;Calascibetta; 	50 ;4.029; 	89,12 ;0,561; 	8,48   ;45,2090624589735;SI;SI;;6;;;;;;;;;;;;;;;;
ENNA;Catenanuova; 	26 ;4.454; 	11,22 ;2,316; 	8,48   ;396,799942983394;SI;NO;;3;;;;;;;;;;;;;;;;
ENNA;Centuripe; 	24 ;5.011; 	174,20 ;0,138; 	8,48   ;28,7662653396641;SI;SI;;6;;;;;;;;;;;;;;;;
ENNA;Cerami; 	42 ;1.857; 	95,05 ;0,442; 	8,48   ;19,5375173991219;SI;SI;;6;;;;;;;;;;;;;;;;
ENNA;Enna; 	999 ;25.332; 	358,75 ;2,785; 	8,48   ;70,6120238350424;SI;SI;;6;;;;;;;;;;;;;;;;
ENNA;Gagliano Castelferrato; 	20 ;3.201; 	56,24 ;0,356; 	8,48   ;56,9192141912173;SI;SI;;6;;;;;;;;;;;;;;;;
ENNA;Leonforte; 	19 ;12.191; 	84,39 ;0,225; 	8,48   ;144,455280005782;SI;SI;;6;;;;;;;;;;;;;;;;
ENNA;Nicosia; 	176 ;12.594; 	218,51 ;0,805; 	8,48   ;57,6360962871535;SI;SI;;6;;;;;;;;;;;;;;;;
ENNA;Nissoria; 	31 ;2.833; 	61,83 ;0,501; 	8,48   ;45,822590715143;SI;SI;;6;;;;;;;;;;;;;;;;
ENNA;Piazza Armerina; 	968 ;20.619; 	304,54 ;3,179; 	8,48   ;67,7049248691724;SI;SI;;6;;;;;;;;;;;;;;;;
ENNA;Pietraperzia; 	62 ;6.315; 	118,11 ;0,525; 	8,48   ;53,4663826415018;SI;SI;;6;;;;;;;;;;;;;;;;
ENNA;Regalbuto; 	93 ;6.626; 	170,29 ;0,546; 	8,48   ;38,908974960495;SI;SI;;6;;;;;;;;;;;;;;;;
ENNA;Sperlinga; 	-   ;675; 	59,14 ;0,000; 	8,48   ;11,4136334583478;SI;SI;;6;;;;;;;;;;;;;;;;
ENNA;Troina; 	207 ;8.405; 	168,28 ;1,230; 	8,48   ;49,9464583474467;SI;SI;;6;;;;;;;;;;;;;;;;
ENNA;Valguarnera Caropepe; 	41 ;6.846; 	9,41 ;4,355; 	8,48   ;727,253412652042;SI;NO;;3;;;;;;;;;;;;;;;;
ENNA;Villarosa; 	27 ;4.288; 	54,89 ;0,492; 	8,48   ;78,1158913372974;SI;SI;;6;;;;;;;;;;;;;;;;
ENNA;TOTALE; 	2.916 ;;;; 	8,48   ;;SI;SI;;6;;;;;;;;;;;;;;;;
CATANIA;Aci Bonaccorsi; 	4 ;3.558; 	1,72 ;2,320; 	8,48   ;2063,44603607261;SI;NO;;3;;;;;;;;;;;;;;;;
CATANIA;Aci Castello; 	1.794 ;17.755; 	8,71 ;206,065; 	8,48   ;2039,39811624167;NO;NO;;0;;;;;;;;;;;;;;;;
CATANIA;Aci Catena; 	66 ;27.740; 	8,53 ;7,733; 	8,48   ;3250,33686800633;SI;NO;;3;;;;;;;;;;;;;;;;
CATANIA;Acireale; 	2.691 ;50.505; 	40,43 ;66,560; 	8,48   ;1249,21468040584;NO;NO;;0;;;;;;;;;;;;;;;;
CATANIA;Aci Sant'Antonio; 	48 ;18.079; 	14,33 ;3,349; 	8,48   ;1261,31091498936;SI;NO;;3;;;;;;;;;;;;;;;;
CATANIA;Adrano; 	21 ;33.781; 	83,22 ;0,252; 	8,48   ;405,914301506813;SI;NO;;3;;;;;;;;;;;;;;;;
CATANIA;Belpasso; 	453 ;28.177; 	166,33 ;2,724; 	8,48   ;169,405418664717;SI;NO;;3;;;;;;;;;;;;;;;;
CATANIA;Biancavilla; 	129 ;22.962; 	70,28 ;1,836; 	8,48   ;326,738886367097;SI;NO;;3;;;;;;;;;;;;;;;;
CATANIA;Bronte; 	118 ;18.222; 	250,86 ;0,470; 	8,48   ;72,6379800725901;SI;SI;;6;;;;;;;;;;;;;;;;
CATANIA;Calatabiano; 	475 ;5.118; 	26,42 ;17,980; 	8,48   ;193,734480043607;NO;NO;;0;;;;;;;;;;;;;;;;
CATANIA;Caltagirone; 	904 ;35.610; 	383,38 ;2,358; 	8,48   ;92,8845141091342;SI;SI;;6;;;;;;;;;;;;;;;;
CATANIA;Camporotondo Etneo; 	-   ;5.185; 	6,55 ;0,000; 	8,48   ;791,107856151112;SI;NO;;3;;;;;;;;;;;;;;;;
CATANIA;Castel di Iudica; 	18 ;4.256; 	103,21 ;0,174; 	8,48   ;41,2358348706342;SI;SI;;6;;;;;;;;;;;;;;;;
CATANIA;Castiglione di Sicilia; 	610 ;2.889; 	118,90 ;5,130; 	8,48   ;24,2969322284635;SI;SI;;6;;;;;;;;;;;;;;;;
CATANIA;Catania; 	9.278 ;298.680; 	182,90 ;50,727; 	8,48   ;1633,02261726483;NO;NO;;0;;;;;;;;;;;;;;;;
CATANIA;Fiumefreddo di Sicilia; 	92 ;9.034; 	12,16 ;7,566; 	8,48   ;742,921522026957;SI;NO;;3;;;;;;;;;;;;;;;;
CATANIA;Giarre; 	316 ;26.508; 	27,32 ;11,565; 	8,48   ;970,178751811674;NO;NO;;0;;;;;;;;;;;;;;;;
CATANIA;Grammichele; 	142 ;12.353; 	31,02 ;4,578; 	8,48   ;398,268035387274;SI;NO;;3;;;;;;;;;;;;;;;;
CATANIA;Gravina di Catania; 	28 ;25.317; 	5,15 ;5,436; 	8,48   ;4915,44510241724;SI;NO;;3;;;;;;;;;;;;;;;;
CATANIA;Licodia Eubea; 	11 ;2.755; 	112,45 ;0,098; 	8,48   ;24,5004313143081;SI;SI;;6;;;;;;;;;;;;;;;;
CATANIA;Linguaglossa; 	431 ;5.055; 	60,25 ;7,154; 	8,48   ;83,9038964272376;SI;SI;;6;;;;;;;;;;;;;;;;
CATANIA;Maletto; 	-   ;3.567; 	40,96 ;0,000; 	8,48   ;87,0898512367638;SI;SI;;6;;;;;;;;;;;;;;;;
CATANIA;Mascali; 	810 ;14.401; 	37,85 ;21,402; 	8,48   ;380,507731168817;NO;NO;;0;;;;;;;;;;;;;;;;
CATANIA;Mascalucia; 	149 ;32.103; 	16,28 ;9,153; 	8,48   ;1972,01353866567;NO;NO;;0;;;;;;;;;;;;;;;;
CATANIA;Militello in Val di Catania; 	39 ;6.747; 	62,48 ;0,624; 	8,48   ;107,993988062559;SI;SI;;6;;;;;;;;;;;;;;;;
CATANIA;Milo; 	99 ;1.023; 	16,67 ;5,938; 	8,48   ;61,3622049605614;SI;SI;;6;;;;;;;;;;;;;;;;
CATANIA;Mineo; 	15 ;4.418; 	246,32 ;0,061; 	8,48   ;17,9359308090412;SI;SI;;6;;;;;;;;;;;;;;;;
CATANIA;Mirabella Imbaccari; 	28 ;4.233; 	15,30 ;1,830; 	8,48   ;276,646777029102;SI;NO;;3;;;;;;;;;;;;;;;;
CATANIA;Misterbianco; 	279 ;48.878; 	37,68 ;7,405; 	8,48   ;1297,23159238509;SI;NO;;3;;;;;;;;;;;;;;;;
CATANIA;Motta Sant'Anastasia; 	367 ;12.072; 	35,71 ;10,278; 	8,48   ;338,085916167463;NO;NO;;0;;;;;;;;;;;;;;;;
CATANIA;Nicolosi; 	678 ;7.587; 	42,65 ;15,896; 	8,48   ;177,884795738455;NO;NO;;0;;;;;;;;;;;;;;;;
CATANIA;Palagonia; 	89 ;15.654; 	57,79 ;1,540; 	8,48   ;270,89606479078;SI;NO;;3;;;;;;;;;;;;;;;;
CATANIA;Paternò; 	148 ;44.954; 	144,68 ;1,023; 	8,48   ;310,708144183398;SI;NO;;3;;;;;;;;;;;;;;;;
CATANIA;Pedara; 	296 ;15.161; 	19,23 ;15,390; 	8,48   ;788,251870414949;NO;NO;;0;;;;;;;;;;;;;;;;
CATANIA;Piedimonte Etneo; 	71 ;3.905; 	26,54 ;2,675; 	8,48   ;147,116996628176;SI;SI;;6;;;;;;;;;;;;;;;;
CATANIA;Raddusa; 	-   ;2.783; 	23,39 ;0,000; 	8,48   ;119,000786782061;SI;SI;;6;;;;;;;;;;;;;;;;
CATANIA;Ramacca; 	41 ;10.188; 	306,44 ;0,134; 	8,48   ;33,2465728748691;SI;SI;;6;;;;;;;;;;;;;;;;
CATANIA;Randazzo; 	244 ;10.151; 	205,62 ;1,187; 	8,48   ;49,3685580986369;SI;SI;;6;;;;;;;;;;;;;;;;
CATANIA;Riposto; 	563 ;13.983; 	13,25 ;42,503; 	8,48   ;1055,63146888518;NO;NO;;0;;;;;;;;;;;;;;;;
CATANIA;San Cono; 	5 ;2.445; 	6,63 ;0,754; 	8,48   ;368,70042524957;SI;NO;;3;;;;;;;;;;;;;;;;
CATANIA;San Giovanni la Punta; 	168 ;24.022; 	10,85 ;15,487; 	8,48   ;2214,43781745776;NO;NO;;0;;;;;;;;;;;;;;;;
CATANIA;San Gregorio di Catania; 	180 ;11.483; 	5,65 ;31,863; 	8,48   ;2032,71317555009;NO;NO;;0;;;;;;;;;;;;;;;;
CATANIA;San Michele di Ganzaria; 	129 ;2.846; 	25,81 ;4,998; 	8,48   ;110,256231452856;SI;SI;;6;;;;;;;;;;;;;;;;
CATANIA;San Pietro Clarenza; 	30 ;8.349; 	6,27 ;4,783; 	8,48   ;1331,11189056471;SI;NO;;3;;;;;;;;;;;;;;;;
CATANIA;Sant'Agata li Battiati; 	17 ;9.270; 	3,12 ;5,440; 	8,48   ;2966,49492783769;SI;NO;;3;;;;;;;;;;;;;;;;
CATANIA;Sant'Alfio; 	120 ;1.520; 	25,86 ;4,640; 	8,48   ;58,7782628703127;SI;SI;;6;;;;;;;;;;;;;;;;
CATANIA;Santa Maria di Licodia; 	70 ;7.563; 	26,28 ;2,664; 	8,48   ;287,818244091791;SI;NO;;3;;;;;;;;;;;;;;;;
CATANIA;Santa Venerina; 	190 ;8.424; 	19,03 ;9,986; 	8,48   ;442,757881237452;NO;NO;;0;;;;;;;;;;;;;;;;
CATANIA;Scordia; 	10 ;16.042; 	24,31 ;0,411; 	8,48   ;659,90390627571;SI;NO;;3;;;;;;;;;;;;;;;;
CATANIA;Trecastagni; 	149 ;11.313; 	19,16 ;7,778; 	8,48   ;590,556730091614;SI;NO;;3;;;;;;;;;;;;;;;;
CATANIA;Tremestieri Etneo; 	33 ;19.397; 	6,52 ;5,064; 	8,48   ;2976,32382501419;SI;NO;;3;;;;;;;;;;;;;;;;
CATANIA;Valverde; 	40 ;7.850; 	5,52 ;7,244; 	8,48   ;1421,61212626089;SI;NO;;3;;;;;;;;;;;;;;;;
CATANIA;Viagrande; 	321 ;8.922; 	10,09 ;31,799; 	8,48   ;883,838884155885;NO;NO;;0;;;;;;;;;;;;;;;;
CATANIA;Vizzini; 	47 ;5.674; 	126,75 ;0,371; 	8,48   ;44,764332436311;SI;SI;;6;;;;;;;;;;;;;;;;
CATANIA;Zafferana Etnea; 	564 ;9.384; 	76,87 ;7,337; 	8,48   ;122,081949980746;SI;SI;;6;;;;;;;;;;;;;;;;
CATANIA;Mazzarrone; 	30 ;3.982; 	34,78 ;0,862; 	8,48   ;114,478579108666;SI;SI;;6;;;;;;;;;;;;;;;;
CATANIA;Maniace; 	11 ;3.763; 	37,70 ;0,292; 	8,48   ;99,8116760828625;SI;SI;;6;;;;;;;;;;;;;;;;
CATANIA;Ragalna; 	83 ;4.217; 	39,53 ;2,100; 	8,48   ;106,682250320021;SI;SI;;6;;;;;;;;;;;;;;;;
CATANIA;TOTALE; 	23.742 ;;;; 	8,48   ;;SI;SI;;6;;;;;;;;;;;;;;;;
RAGUSA;Acate; 	34 ;10.400; 	102,47 ;0,332; 	8,48   ;101,493119937543;SI;SI;;6;;;;;;;;;;;;;;;;
RAGUSA;Chiaramonte Gulfi; 	391 ;7.981; 	127,38 ;3,070; 	8,48   ;62,6570646409564;SI;SI;;6;;;;;;;;;;;;;;;;
RAGUSA;Comiso; 	321 ;30.086; 	65,40 ;4,908; 	8,48   ;460,017919996086;SI;NO;;3;;;;;;;;;;;;;;;;
RAGUSA;Giarratana; 	24 ;2.908; 	43,63 ;0,550; 	8,48   ;66,6509283685879;SI;SI;;6;;;;;;;;;;;;;;;;
RAGUSA;Ispica; 	1.731 ;16.350; 	113,75 ;15,217; 	8,48   ;143,730198637772;NO;SI;;3;;;;;;;;;;;;;;;;
RAGUSA;Modica; 	3.494 ;53.485; 	292,37 ;11,950; 	8,48   ;182,933315274291;NO;NO;;0;;;;;;;;;;;;;;;;
RAGUSA;Monterosso Almo; 	16 ;2.750; 	56,55 ;0,283; 	8,48   ;48,6288434469539;SI;SI;;6;;;;;;;;;;;;;;;;
RAGUSA;Pozzallo; 	754 ;18.903; 	15,38 ;49,036; 	8,48   ;1229,33548378705;NO;NO;;0;;;;;;;;;;;;;;;;
RAGUSA;Ragusa; 	10.570 ;73.736; 	444,67 ;23,771; 	8,48   ;165,823187899963;NO;NO;;0;;;;;;;;;;;;;;;;
RAGUSA;Santa Croce Camerina; 	1.506 ;11.175; 	41,09 ;36,655; 	8,48   ;271,99244505996;NO;NO;;0;;;;;;;;;;;;;;;;
RAGUSA;Scicli; 	2.624 ;26.813; 	138,72 ;18,915; 	8,48   ;193,283622974029;NO;NO;;0;;;;;;;;;;;;;;;;
RAGUSA;Vittoria; 	972 ;64.649; 	182,48 ;5,327; 	8,48   ;354,289046243519;SI;NO;;3;;;;;;;;;;;;;;;;
RAGUSA;TOTALE; 	22.437 ;;;; 	8,48   ;;SI;SI;;6;;;;;;;;;;;;;;;;
SIRACUSA;Augusta; 	1.847 ;34.703; 	111,16 ;; 	8,48   ;312,190759952357;SI;NO;;3;;;;;;;;;;;;;;;;
SIRACUSA;Avola; 	1.119 ;30.563; 	74,59 ;15,001; 	8,48   ;409,732332697882;NO;NO;;0;;;;;;;;;;;;;;;;
SIRACUSA;Buccheri; 	49 ;1.720; 	57,83 ;0,847; 	8,48   ;29,7414225391567;SI;SI;;6;;;;;;;;;;;;;;;;
SIRACUSA;Buscemi; 	30 ;944; 	52,05 ;0,576; 	8,48   ;18,1358149685793;SI;SI;;6;;;;;;;;;;;;;;;;
SIRACUSA;Canicattini Bagni; 	60 ;6.513; 	15,06 ;3,983; 	8,48   ;432,383987253535;SI;NO;;3;;;;;;;;;;;;;;;;
SIRACUSA;Carlentini; 	354 ;17.065; 	158,91 ;2,228; 	8,48   ;107,386951085291;SI;SI;;6;;;;;;;;;;;;;;;;
SIRACUSA;Cassaro; 	-   ;720; 	19,62 ;0,000; 	8,48   ;36,7051050683633;SI;SI;;6;;;;;;;;;;;;;;;;
SIRACUSA;Ferla; 	77 ;2.259; 	24,90 ;3,093; 	8,48   ;90,7301791308539;SI;SI;;6;;;;;;;;;;;;;;;;
SIRACUSA;Floridia; 	156 ;21.243; 	26,48 ;5,892; 	8,48   ;802,300812762486;SI;NO;;3;;;;;;;;;;;;;;;;
SIRACUSA;Francofonte; 	27 ;11.661; 	74,20 ;0,364; 	8,48   ;157,152521906477;SI;NO;;3;;;;;;;;;;;;;;;;
SIRACUSA;Lentini; 	98 ;21.450; 	216,78 ;0,452; 	8,48   ;98,9460059256895;SI;SI;;6;;;;;;;;;;;;;;;;
SIRACUSA;Melilli; 	477 ;13.183; 	136,42 ;3,497; 	8,48   ;96,6358865644377;SI;SI;;6;;;;;;;;;;;;;;;;
SIRACUSA;Noto; 	5.604 ;24.412; 	554,99 ;10,097; 	8,48   ;43,9861720678798;NO;SI;;3;;;;;;;;;;;;;;;;
SIRACUSA;Pachino; 	527 ;21.840; 	50,98 ;10,337; 	8,48   ;428,373045449909;NO;NO;;0;;;;;;;;;;;;;;;;
SIRACUSA;Palazzolo Acreide; 	433 ;8.053; 	87,54 ;4,947; 	8,48   ;91,9968561362463;SI;SI;;6;;;;;;;;;;;;;;;;
SIRACUSA;Rosolini; 	115 ;20.562; 	76,47 ;1,504; 	8,48   ;268,890815577935;SI;NO;;3;;;;;;;;;;;;;;;;
SIRACUSA;Siracusa; 	12.136 ;116.247; 	207,78 ;58,408; 	8,48   ;559,475326140421;NO;NO;;0;;;;;;;;;;;;;;;;
SIRACUSA;Solarino; 	98 ;7.528; 	13,02 ;7,527; 	8,48   ;578,160760640831;SI;NO;;3;;;;;;;;;;;;;;;;
SIRACUSA;Sortino; 	78 ;8.142; 	93,33 ;0,836; 	8,48   ;87,2378952330951;SI;SI;;6;;;;;;;;;;;;;;;;
SIRACUSA;Portopalo di Capo Passero; 	670 ;3.817; 	15,09 ;44,397; 	8,48   ;252,932211251739;NO;NO;;0;;;;;;;;;;;;;;;;
SIRACUSA;Priolo Gargallo; 	93 ;11.233; 	56,92 ;1,634; 	8,48   ;197,335019807285;SI;NO;;3;;;;;;;;;;;;;;;;
SIRACUSA;TOTALE; 	24.048 ;;;; 	8,48   ;;SI;SI;;6;;;;;;;;;;;;;;;;
;;;;;;;;;;;;;;;;;;;;;;;;;;;
;;;;;;;;;;;;;;;;;;;;;;;;;;;
;;;;;;;;;;;;;;;;;;;;;;;;;;;
;;;;;;;;;;;;;;;;;;;;;;;;;;;
;;;;;;;;;;;;;;;;;;;;;;;;;;;
 	219.098 ;Totale posti letto regionali;;;;;;;;;;;;;;;;;;;;;;;;;;
25.832,40;Superficie Regionale;;;;;;;;;;;;;;;;;;;;;;;;;;
;;;;;;;;;;;;;;;;;;;;;;;;;;;
 	8,48   ;Rapporto regionale;;;;;;;;;;;;;;;;;;;;;;;;;;
